code,created,lastUpdated,name,id,dataDimensionType,sharing,skipTotal,code,lastUpdated,id,created,name,shortName,validCompleteOnly,dataElementDecoration,notifyCompletingUser,noValueRequiresComment,description,skipOffline,"compulsoryFieldsCompleteOnly",fieldCombinationRequired,formName,renderHorizontally,renderAsTabs,mobile,sharing,version,"openPeriodsAfterCoEndDate",timelyDays,periodType,style,openFuturePeriods,expiryDays,code,created,lastUpdated,name,id,shortName,endDate,sharing,formName,style,startDate,code,created,lastUpdated,name,id,shortName,symbol,color,sharing,geometry,code,lastUpdated,id,created,name,shortName,aggregationType,domainType,description,valueType,formName,fieldMask,valueTypeOptions,sharing,zeroIsSignificant,url,style,code,created,lastUpdated,name,id,shortName,dataDimensionType,sharing,dataDimension,lastUpdated,code,created,name,id,description,sharing,code,lastUpdated,id,created,birthday,education,gender,jobTitle,skype,twitter,surname,employer,facebookMessenger,introduction,email,whatsApp,languages,welcomeMessage,telegram,"lastCheckedInterpretations",firstName,phoneNumber,nationality,interests,lastUpdated,code,level,created,name,id,offlineLevels,code,created,lastUpdated,name,id,description,formName,sortOrder,style,lastUpdated,code,created,name,id,ignoreApproval,code,created,lastUpdated,name,id,sharing,version,valueType,code,level,created,lastUpdated,name,id,shortName,address,description,contactPerson,url,path,phoneNumber,closedDate,geometry,comment,openingDate,email
default,2021-06-03T15:57:03.925,2021-06-03T15:57:03.950,default,bjDvmb4bfuf,DISAGGREGATION,"Sharing(owner=null, publicAccess=rw------, external=false, users={}, userGroups={})",false,,,,,,,,,,,,,,,,,,,,,,,,,,,,,,,,,,,,,,,,,,,,,,,,,,,,,,,,,,,,,,,,,,,,,,,,,,,,,,,,,,,,,,,,,,,,,,,,,,,,,,,,,,,,,,,,,,,,,,,,,,,,,,,,,,,,,,,,,,,,,,,,,,,,,,,,
,,,,,,,,,,,,,,false,false,false,false,,false,true,false,,false,false,true,"Sharing(owner=M5zQapPyTZI, publicAccess=rw------, external=false, users={}, userGroups={})",69,0,0,Monthly,,0,0,,,,,,,,,,,,,,,,,,,,,,,,,,,,,,,,,,,,,,,,,,,,,,,,,,,,,,,,,,,,,,,,,,,,,,,,,,,,,,,,,,,,,,,,,,,,,,,,,,,,,,,,,,,,,,,2021-06-03T18:49:40.469,2021-08-02T20:22:26.997,"CHA Monthly Service Report",IBhezUyCB5Q,"CHA MSR",,,,,,,,,,,
default,2021-06-03T15:57:03.910,2021-06-03T15:57:03.950,default,xYerKDKCefk,,,,,,,,,,,,,,,,,,,,,,,,,,,,,,,,,,,,,,,,,,,,,,,,,,,,,,,,,,,,,,,,,,,,,,,,,,,,,,,,,,,,,,,,,,,,,,,,,,,,,,,,,,,,,,,,,,,,,,,,,,,,,,,,,,,,,,,"Sharing(owner=null, publicAccess=rwrw----, external=false, users={}, userGroups={})",,,,,,,,,,,,,,,,,,,,
,,,,,,,,,,,,,,,,,,,,,,,,,,,,,,,,,,,,,,,,,,,,,,,,,,,,,,,,,,,,,,,,,,,,,,,,,,,,,,,,,,,,,,,,,,,,,,,,,,,,,,,,,,,,,,,,,,,,,,,,,,,,,,,,,,,,,,,,,,,"Sharing(owner=dLDSIzvVep5, publicAccess=rw------, external=false, users={}, userGroups={})",,,,,2021-07-24T14:42:34.451,2021-07-24T14:42:34.451,CHA,iQHIwRQ8Dqf,,,,,,,,,,,,
,,,,,,,,,,,,,,,,,,,,,,,,,,,,,,,,,,,,,,,,,,,,,,,,,,,,,,,,,,,,,SUM,AGGREGATE,,,,,,,true,,,,,,,,,,,,,,,,,,,,,,,,,,,,,,,,,,,,,,,,,,,,,,,,,,,,,,,,,,,,,,,,,,,,,,"Sharing(owner=M5zQapPyTZI, publicAccess=rw------, external=false, users={}, userGroups={})",,INTEGER_ZERO_OR_POSITIVE,,,2021-06-03T18:17:15.041,2021-06-03T18:17:15.041,"Active Case Finds",KCLF2XTjjqi,"Active Case Finds",,,,,,,,,,,
,,,,,,,,,,,,,,,,,,,,,,,,,,,,,,,,,,,,,,,,,,,,,,,,,,,,,,,,,,,,,SUM,AGGREGATE,,,,,,,true,,,,,,,,,,,,,,,,,,,,,,,,,,,,,,,,,,,,,,,,,,,,,,,,,,,,,,,,,,,,,,,,,,,,,,"Sharing(owner=M5zQapPyTZI, publicAccess=rw------, external=false, users={}, userGroups={})",,INTEGER_ZERO_OR_POSITIVE,,,2021-06-03T18:05:02.603,2021-06-03T18:05:02.603,"BIrths (community/home)",zCnimxEoDLw,"BIrths (community/home)",,,,,,,,,,,
,,,,,,,,,,,,,,,,,,,,,,,,,,,,,,,,,,,,,,,,,,,,,,,,,,,,,,,,,,,,,SUM,AGGREGATE,,,,,,,true,,,,,,,,,,,,,,,,,,,,,,,,,,,,,,,,,,,,,,,,,,,,,,,,,,,,,,,,,,,,,,,,,,,,,,"Sharing(owner=M5zQapPyTZI, publicAccess=rw------, external=false, users={}, userGroups={})",,INTEGER_ZERO_OR_POSITIVE,,,2021-06-03T18:05:32.090,2021-06-03T18:05:32.090,"Births (facility)",m0hhusfnr83,"Births (facility)",,,,,,,,,,,
,,,,,,,,,,,,,,,,,,,,,,,,,,,,,,,,,,,,,,,,,,,,,,,,,,,,,,,,,,,,,SUM,AGGREGATE,,,,,,,true,,,,,,,,,,,,,,,,,,,,,,,,,,,,,,,,,,,,,,,,,,,,,,,,,,,,,,,,,,,,,,,,,,,,,,"Sharing(owner=M5zQapPyTZI, publicAccess=rw------, external=false, users={}, userGroups={})",,INTEGER_ZERO_OR_POSITIVE,,,2021-06-03T18:23:06.270,2021-06-03T18:23:06.270,"CM-NTD Client Visits",RKzRdmFUhnK,"CM-NTD Client Visits",,,,,,,,,,,
,,,,,,,,,,,,,,,,,,,,,,,,,,,,,,,,,,,,,,,,,,,,,,,,,,,,,,,,,,,,,SUM,AGGREGATE,,,,,,,true,,,,,,,,,,,,,,,,,,,,,,,,,,,,,,,,,,,,,,,,,,,,,,,,,,,,,,,,,,,,,,,,,,,,,,"Sharing(owner=M5zQapPyTZI, publicAccess=rw------, external=false, users={}, userGroups={})",,INTEGER_ZERO_OR_POSITIVE,,,2021-06-03T18:10:15.393,2021-06-03T18:10:15.393,"Child deaths",tWF6mwpTALd,"Child deaths",,,,,,,,,,,
,,,,,,,,,,,,,,,,,,,,,,,,,,,,,,,,,,,,,,,,,,,,,,,,,,,,,,,,,,,,,SUM,AGGREGATE,,,,,,,true,,,,,,,,,,,,,,,,,,,,,,,,,,,,,,,,,,,,,,,,,,,,,,,,,,,,,,,,,,,,,,,,,,,,,,"Sharing(owner=M5zQapPyTZI, publicAccess=rw------, external=false, users={}, userGroups={})",,INTEGER_ZERO_OR_POSITIVE,,,2021-06-03T18:16:47.386,2021-06-03T18:16:47.386,"Clients currently using modern FP",HltcJtbxzb6,"Clients currently using modern FP",,,,,,,,,,,
,,,,,,,,,,,,,,,,,,,,,,,,,,,,,,,,,,,,,,,,,,,,,,,,,,,,,,,,,,,,,NONE,AGGREGATE,,,,,,,false,,,,,,,,,,,,,,,,,,,,,,,,,,,,,,,,,,,,,,,,,,,,,,,,,,,,,,,,,,,,,,,,,,,,,,"Sharing(owner=M5zQapPyTZI, publicAccess=rw------, external=false, users={}, userGroups={})",,TEXT,,,2021-06-10T14:44:33.395,2021-06-10T14:44:33.395,Community,YdWbmwaM4ON,Community,,,,,,,,,,,
,,,,,,,,,,,,,,,,,,,,,,,,,,,,,,,,,,,,,,,,,,,,,,,,,,,,,,,,,,,,,NONE,AGGREGATE,,,,,,,false,,,,,,,,,,,,,,,,,,,,,,,,,,,,,,,,,,,,,,,,,,,,,,,,,,,,,,,,CHA,,,,,,,,,,,,,,"Sharing(owner=M5zQapPyTZI, publicAccess=rw------, external=false, users={}, userGroups={})",,TEXT,,,2021-06-10T14:38:05.385,2021-06-10T19:19:44.704,"Community Health Assistant",O2q3dVLwZhY,CHA,,,,,,,,,,,
,,,,,,,,,,,,,,,,,,,,,,,,,,,,,,,,,,,,,,,,,,,,,,,,,,,,,,,,,,,,,NONE,AGGREGATE,,,,,,,false,,,,,,,,,,,,,,,,,,,,,,,,,,,,,,,,,,,,,,,,,,,,,,,,,,,,,,,,"CHA ID",,,,,,,,,,,,,,"Sharing(owner=M5zQapPyTZI, publicAccess=rw------, external=false, users={}, userGroups={})",,TEXT,,,2021-06-14T15:16:33.499,2021-06-14T16:10:50.440,"Community Health Assistant ID",VZrh9dUAdDp,"CHA ID",,,,,,,,,,,
,,,,,,,,,,,,,,,,,,,,,,,,,,,,,,,,,,,,,,,,,,,,,,,,,,,,,,,,,,,,,NONE,AGGREGATE,,,,,,,false,,,,,,,,,,,,,,,,,,,,,,,,,,,,,,,,,,,,,,,,,,,,,,,,,,,,,,,,CHSS,,,,,,,,,,,,,,"Sharing(owner=M5zQapPyTZI, publicAccess=rw------, external=false, users={}, userGroups={})",,TEXT,,,2021-06-10T14:38:36.716,2021-06-10T14:38:36.716,"Community Health Services Supervisor",SXrDkc6uU8n,CHSS,,,,,,,,,,,
,,,,,,,,,,,,,,,,,,,,,,,,,,,,,,,,,,,,,,,,,,,,,,,,,,,,,,,,,,,,,NONE,AGGREGATE,,,,,,,false,,,,,,,,,,,,,,,,,,,,,,,,,,,,,,,,,,,,,,,,,,,,,,,,,,,,,,,,"CHSS ID",,,,,,,,,,,,,,"Sharing(owner=M5zQapPyTZI, publicAccess=rw------, external=false, users={}, userGroups={})",,TEXT,,,2021-06-14T15:15:26.484,2021-06-14T16:11:04.330,"Community Health Services Supervisor ID",MZHUYNYXbH3,"CHSS ID",,,,,,,,,,,
,,,,,,,,,,,,,,,,,,,,,,,,,,,,,,,,,,,,,,,,,,,,,,,,,,,,,,,,,,,,,NONE,AGGREGATE,,,,,,,false,,,,,,,,,,,,,,,,,,,,,,,,,,,,,,,,,,,,,,,,,,,,,,,,,,,,,,,,,,,,,,,,,,,,,,"Sharing(owner=M5zQapPyTZI, publicAccess=rw------, external=false, users={}, userGroups={})",,INTEGER_POSITIVE,,,2021-06-10T14:43:42.523,2021-06-10T14:43:42.523,"Community ID",jImsP4iGvVj,"Community ID",,,,,,,,,,,
,,,,,,,,,,,,,,,,,,,,,,,,,,,,,,,,,,,,,,,,,,,,,,,,,,,,,,,,,,,,,SUM,AGGREGATE,,,,,,,true,,,,,,,,,,,,,,,,,,,,,,,,,,,,,,,,,,,,,,,,,,,,,,,,,,,,,,,,,,,,,,,,,,,,,,"Sharing(owner=M5zQapPyTZI, publicAccess=rw------, external=false, users={}, userGroups={})",,INTEGER_ZERO_OR_POSITIVE,,,2021-06-03T18:11:19.645,2021-06-03T18:11:19.645,"Community triggers",xOpYqFElzQY,"Community triggers",,,,,,,,,,,
,,,,,,,,,,,,,,,,,,,,,,,,,,,,,,,,,,,,,,,,,,,,,,,,,,,,,,,,,,,,,SUM,AGGREGATE,,,,,,,false,,,,,,,,,,,,,,,,,,,,,,,,,,,,,,,,,,,,,,,,,,,,,,,,,,,,,,,,,,,,,,,,,,,,,,"Sharing(owner=M5zQapPyTZI, publicAccess=rw------, external=false, users={}, userGroups={})",,DATE,,,2021-07-22T21:10:19.829,2021-07-22T21:10:19.829,"DE Date",NHzol7Puj50,"DE Date",,,,,,,,,,,
,,,,,,,,,,,,,,,,,,,,,,,,,,,,,,,,,,,,,,,,,,,,,,,,,,,,,,,,,,,,,NONE,AGGREGATE,,,,,,,false,,,,,,,,,,,,,,,,,,,,,,,,,,,,,,,,,,,,,,,,,,,,,,,,,,,,,,,,,,,,,,,,,,,,,,"Sharing(owner=M5zQapPyTZI, publicAccess=rw------, external=false, users={}, userGroups={})",,TEXT,,,2021-07-22T21:09:51.144,2021-07-22T21:09:51.144,"DE Initials",xoFwJwrWLu2,"DE Initials",,,,,,,,,,,
,,,,,,,,,,,,,,,,,,,,,,,,,,,,,,,,,,,,,,,,,,,,,,,,,,,,,,,,,,,,,SUM,AGGREGATE,,,,,,,true,,,,,,,,,,,,,,,,,,,,,,,,,,,,,,,,,,,,,,,,,,,,,,,,,,,,,,,,,,,,,,,,,,,,,,"Sharing(owner=M5zQapPyTZI, publicAccess=rw------, external=false, users={}, userGroups={})",,INTEGER_ZERO_OR_POSITIVE,,,2021-06-03T18:12:23.847,2021-06-03T18:12:23.847,"Deaths > 5 years (community/home)",Yl4s84l7MCx,"Deaths > 5 years (community/home)",,,,,,,,,,,
,,,,,,,,,,,,,,,,,,,,,,,,,,,,,,,,,,,,,,,,,,,,,,,,,,,,,,,,,,,,,SUM,AGGREGATE,,,,,,,true,,,,,,,,,,,,,,,,,,,,,,,,,,,,,,,,,,,,,,,,,,,,,,,,,,,,,,,,,,,,,,,,,,,,,,"Sharing(owner=M5zQapPyTZI, publicAccess=rw------, external=false, users={}, userGroups={})",,INTEGER_ZERO_OR_POSITIVE,,,2021-06-03T18:19:45.741,2021-06-03T18:19:45.741,"Diarrhea cases identified",CcCwSEppdO0,"Diarrhea cases identified",,,,,,,,,,,
,,,,,,,,,,,,,,,,,,,,,,,,,,,,,,,,,,,,,,,,,,,,,,,,,,,,,,,,,,,,,SUM,AGGREGATE,,,,,,,true,,,,,,,,,,,,,,,,,,,,,,,,,,,,,,,,,,,,,,,,,,,,,,,,,,,,,,,,,,,,,,,,,,,,,,"Sharing(owner=M5zQapPyTZI, publicAccess=rw------, external=false, users={}, userGroups={})",,INTEGER_ZERO_OR_POSITIVE,,,2021-06-03T18:21:44.912,2021-06-03T18:21:44.912,"Diarrhea treated (Zinc + ORS)",G2KD4mHCEmo,"Diarrhea treated (Zinc + ORS)",,,,,,,,,,,
,,,,,,,,,,,,,,,,,,,,,,,,,,,,,,,,,,,,,,,,,,,,,,,,,,,,,,,,,,,,,NONE,AGGREGATE,,,,,,,false,,,,,,,,,,,,,,,,,,,,,,,,,,,,,,,,,,,,,,,,,,,,,,,,,,,,,,,,,,,,,,,,,,,,,,"Sharing(owner=M5zQapPyTZI, publicAccess=rw------, external=false, users={}, userGroups={})",,TEXT,,,2021-06-14T15:19:05.622,2021-06-14T15:19:05.622,District,qEnNoqCDttn,District,,,,,,,,,,,
,,,,,,,,,,,,,,,,,,,,,,,,,,,,,,,,,,,,,,,,,,,,,,,,,,,,,,,,,,,,,NONE,AGGREGATE,,,,,,,false,,,,,,,,,,,,,,,,,,,,,,,,,,,,,,,,,,,,,,,,,,,,,,,,,,,,,,,,,,,,,,,,,,,,,,"Sharing(owner=M5zQapPyTZI, publicAccess=rw------, external=false, users={}, userGroups={})",,TEXT,,,2021-06-14T15:18:44.936,2021-06-14T15:18:44.936,Facility,Si6xf0KEc7D,Facility,,,,,,,,,,,
,,,,,,,,,,,,,,,,,,,,,,,,,,,,,,,,,,,,,,,,,,,,,,,,,,,,,,,,,,,,,SUM,AGGREGATE,,,,,,,true,,,,,,,,,,,,,,,,,,,,,,,,,,,,,,,,,,,,,,,,,,,,,,,,,,,,,,,,,,,,,,,,,,,,,,"Sharing(owner=M5zQapPyTZI, publicAccess=rw------, external=false, users={}, userGroups={})",,INTEGER_ZERO_OR_POSITIVE,,,2021-06-03T18:16:23.317,2021-06-03T18:16:23.317,"HBMNC within 48 hours: Infant",xbCBSmM1C4A,"HBMNC within 48 hours: Infant",,,,,,,,,,,
,,,,,,,,,,,,,,,,,,,,,,,,,,,,,,,,,,,,,,,,,,,,,,,,,,,,,,,,,,,,,SUM,AGGREGATE,,,,,,,true,,,,,,,,,,,,,,,,,,,,,,,,,,,,,,,,,,,,,,,,,,,,,,,,,,,,,,,,,,,,,,,,,,,,,,"Sharing(owner=M5zQapPyTZI, publicAccess=rw------, external=false, users={}, userGroups={})",,INTEGER_ZERO_OR_POSITIVE,,,2021-06-03T18:15:52.068,2021-06-03T18:15:52.068,"HBMNC within 48 hours: Mother",EtRGOUI7Vj4,"HBMNC within 48 hours: Mother",,,,,,,,,,,
,,,,,,,,,,,,,,,,,,,,,,,,,,,,,,,,,,,,,,,,,,,,,,,,,,,,,,,,,,,,,SUM,AGGREGATE,,,,,,,true,,,,,,,,,,,,,,,,,,,,,,,,,,,,,,,,,,,,,,,,,,,,,,,,,,,,,,,,,,,,,,,,,,,,,,"Sharing(owner=M5zQapPyTZI, publicAccess=rw------, external=false, users={}, userGroups={})",,INTEGER_ZERO_OR_POSITIVE,,,2021-06-03T18:22:23.362,2021-06-03T18:22:23.362,"HIV Client Visits",kzCGrO8Qq5R,"HIV Client Visits",,,,,,,,,,,
,,,,,,,,,,,,,,,,,,,,,,,,,,,,,,,,,,,,,,,,,,,,,,,,,,,,,,,,,,,,,SUM,AGGREGATE,,,,,,,true,,,,,,,,,,,,,,,,,,,,,,,,,,,,,,,,,,,,,,,,,,,,,,,,,,,,,,,,,,,,,,,,,,,,,,"Sharing(owner=M5zQapPyTZI, publicAccess=rw------, external=false, users={}, userGroups={})",,INTEGER_ZERO_OR_POSITIVE,,,2021-06-03T18:12:58.369,2021-06-03T18:12:58.369,"HIV/TB/CM-NTD/MH Suspect Referrals",Uiy6RtlBOPq,"HIV/TB/CM-NTD/MH Suspect Referrals",,,,,,,,,,,
,,,,,,,,,,,,,,,,,,,,,,,,,,,,,,,,,,,,,,,,,,,,,,,,,,,,,,,,,,,,,SUM,AGGREGATE,,,,,,,true,,,,,,,,,,,,,,,,,,,,,,,,,,,,,,,,,,,,,,,,,,,,,,,,,,,,,,,,,,,,,,,,,,,,,,"Sharing(owner=M5zQapPyTZI, publicAccess=rw------, external=false, users={}, userGroups={})",,INTEGER_ZERO_OR_POSITIVE,,,2021-06-03T18:23:49.049,2021-06-03T18:23:49.049,"LTFU HIV Clients Traced",OdrSjUAh4ng,"LTFU HIV Clients Traced",,,,,,,,,,,
,,,,,,,,,,,,,,,,,,,,,,,,,,,,,,,,,,,,,,,,,,,,,,,,,,,,,,,,,,,,,SUM,AGGREGATE,,,,,,,true,,,,,,,,,,,,,,,,,,,,,,,,,,,,,,,,,,,,,,,,,,,,,,,,,,,,,,,,,,,,,,,,,,,,,,"Sharing(owner=M5zQapPyTZI, publicAccess=rw------, external=false, users={}, userGroups={})",,INTEGER_ZERO_OR_POSITIVE,,,2021-06-03T18:24:08.097,2021-06-03T18:24:08.097,"LTFU TB Clients Traced",eMAINMpG8oz,"LTFU TB Clients Traced",,,,,,,,,,,
,,,,,,,,,,,,,,,,,,,,,,,,,,,,,,,,,,,,,,,,,,,,,,,,,,,,,,,,,,,,,SUM,AGGREGATE,,,,,,,true,,,,,,,,,,,,,,,,,,,,,,,,,,,,,,,,,,,,,,,,,,,,,,,,,,,,,,,,,,,,,,,,,,,,,,"Sharing(owner=M5zQapPyTZI, publicAccess=rw------, external=false, users={}, userGroups={})",,INTEGER_ZERO_OR_POSITIVE,,,2021-06-03T18:18:39.515,2021-06-03T18:18:39.515,"MUAC Green",tbOhRoLIH70,"MUAC Green",,,,,,,,,,,
,,,,,,,,,,,,,,,,,,,,,,,,,,,,,,,,,,,,,,,,,,,,,,,,,,,,,,,,,,,,,SUM,AGGREGATE,,,,,,,true,,,,,,,,,,,,,,,,,,,,,,,,,,,,,,,,,,,,,,,,,,,,,,,,,,,,,,,,,,,,,,,,,,,,,,"Sharing(owner=M5zQapPyTZI, publicAccess=rw------, external=false, users={}, userGroups={})",,INTEGER_ZERO_OR_POSITIVE,,,2021-06-03T18:17:56.361,2021-06-03T18:17:56.361,"MUAC Red",sqvWy3D9b3s,"MUAC Red",,,,,,,,,,,
,,,,,,,,,,,,,,,,,,,,,,,,,,,,,,,,,,,,,,,,,,,,,,,,,,,,,,,,,,,,,SUM,AGGREGATE,,,,,,,true,,,,,,,,,,,,,,,,,,,,,,,,,,,,,,,,,,,,,,,,,,,,,,,,,,,,,,,,,,,,,,,,,,,,,,"Sharing(owner=M5zQapPyTZI, publicAccess=rw------, external=false, users={}, userGroups={})",,INTEGER_ZERO_OR_POSITIVE,,,2021-06-03T18:18:22.299,2021-06-03T18:18:22.299,"MUAC Yellow",kVag8bnykSQ,"MUAC Yellow",,,,,,,,,,,
,,,,,,,,,,,,,,,,,,,,,,,,,,,,,,,,,,,,,,,,,,,,,,,,,,,,,,,,,,,,,SUM,AGGREGATE,,,,,,,true,,,,,,,,,,,,,,,,,,,,,,,,,,,,,,,,,,,,,,,,,,,,,,,,,,,,,,,,,,,,,,,,,,,,,,"Sharing(owner=M5zQapPyTZI, publicAccess=rw------, external=false, users={}, userGroups={})",,INTEGER_ZERO_OR_POSITIVE,,,2021-06-03T18:19:26.442,2021-06-03T18:19:26.442,"Malaria (RDT +)",L98z59znOMn,"Malaria (RDT +)",,,,,,,,,,,
,,,,,,,,,,,,,,,,,,,,,,,,,,,,,,,,,,,,,,,,,,,,,,,,,,,,,,,,,,,,,SUM,AGGREGATE,,,,,,,true,,,,,,,,,,,,,,,,,,,,,,,,,,,,,,,,,,,,,,,,,,,,,,,,,,,,,,,,,,,,,,,,,,,,,,"Sharing(owner=M5zQapPyTZI, publicAccess=rw------, external=false, users={}, userGroups={})",,INTEGER_ZERO_OR_POSITIVE,,,2021-06-03T18:20:46.244,2021-06-03T18:20:46.244,"Malaria treated (1-5 years)",kjOHplBJZh1,"Malaria treated (1-5 years)",,,,,,,,,,,
,,,,,,,,,,,,,,,,,,,,,,,,,,,,,,,,,,,,,,,,,,,,,,,,,,,,,,,,,,,,,SUM,AGGREGATE,,,,,,,true,,,,,,,,,,,,,,,,,,,,,,,,,,,,,,,,,,,,,,,,,,,,,,,,,,,,,,,,,,,,,,,,,,,,,,"Sharing(owner=M5zQapPyTZI, publicAccess=rw------, external=false, users={}, userGroups={})",,INTEGER_ZERO_OR_POSITIVE,,,2021-06-03T18:20:25.402,2021-06-03T18:20:25.402,"Malaria treated (2-11 months)",q57eHfzxEES,"Malaria treated (2-11 months)",,,,,,,,,,,
,,,,,,,,,,,,,,,,,,,,,,,,,,,,,,,,,,,,,,,,,,,,,,,,,,,,,,,,,,,,,SUM,AGGREGATE,,,,,,,true,,,,,,,,,,,,,,,,,,,,,,,,,,,,,,,,,,,,,,,,,,,,,,,,,,,,,,,,,,,,,,,,,,,,,,"Sharing(owner=M5zQapPyTZI, publicAccess=rw------, external=false, users={}, userGroups={})",,INTEGER_ZERO_OR_POSITIVE,,,2021-06-03T18:21:06.938,2021-06-03T18:21:06.938,"Malaria treated in less than 24 hours",l7TMIuNiZ0g,"Malaria treated in less than 24 hours",,,,,,,,,,,
,,,,,,,,,,,,,,,,,,,,,,,,,,,,,,,,,,,,,,,,,,,,,,,,,,,,,,,,,,,,,SUM,AGGREGATE,,,,,,,true,,,,,,,,,,,,,,,,,,,,,,,,,,,,,,,,,,,,,,,,,,,,,,,,,,,,,,,,,,,,,,,,,,,,,,"Sharing(owner=M5zQapPyTZI, publicAccess=rw------, external=false, users={}, userGroups={})",,INTEGER_ZERO_OR_POSITIVE,,,2021-06-03T18:21:25.461,2021-06-03T18:21:25.461,"Malaria treated in more than 24 hours		",w1ST1DmjZvF,"Malaria treated in more than 24 hours		",,,,,,,,,,,
,,,,,,,,,,,,,,,,,,,,,,,,,,,,,,,,,,,,,,,,,,,,,,,,,,,,,,,,,,,,,SUM,AGGREGATE,,,,,,,true,,,,,,,,,,,,,,,,,,,,,,,,,,,,,,,,,,,,,,,,,,,,,,,,,,,,,,,,,,,,,,,,,,,,,,"Sharing(owner=M5zQapPyTZI, publicAccess=rw------, external=false, users={}, userGroups={})",,INTEGER_ZERO_OR_POSITIVE,,,2021-06-03T18:10:53.571,2021-06-03T18:10:53.571,"Maternal deaths",f3qB4nlmta5,"Maternal deaths",,,,,,,,,,,
,,,,,,,,,,,,,,,,,,,,,,,,,,,,,,,,,,,,,,,,,,,,,,,,,,,,,,,,,,,,,SUM,AGGREGATE,,,,,,,false,,,,,,,,,,,,,,,,,,,,,,,,,,,,,,,,,,,,,,,,,,,,,,,,,,,,,,,,,,,,,,,,,,,,,,"Sharing(owner=M5zQapPyTZI, publicAccess=rw------, external=false, users={}, userGroups={})",,INTEGER_ZERO_OR_POSITIVE,,,2021-06-03T18:23:28.846,2021-06-03T18:23:28.846,"Mental Health Client Visits",Z1E4R98dKC5,"Mental Health Client Visits",,,,,,,,,,,
,,,,,,,,,,,,,,,,,,,,,,,,,,,,,,,,,,,,,,,,,,,,,,,,,,,,,,,,,,,,,SUM,AGGREGATE,,,,,,,true,,,,,,,,,,,,,,,,,,,,,,,,,,,,,,,,,,,,,,,,,,,,,,,,,,,,,,,,,,,,,,,,,,,,,,"Sharing(owner=M5zQapPyTZI, publicAccess=rw------, external=false, users={}, userGroups={})",,INTEGER_ZERO_OR_POSITIVE,,,2021-06-03T18:06:53.172,2021-06-03T18:06:53.172,"Neonatal deaths",uHT4lPmgcWe,"Neonatal deaths",,,,,,,,,,,
,,,,,,,,,,,,,,,,,,,,,,,,,,,,,,,,,,,,,,,,,,,,,,,,,,,,,,,,,,,,,SUM,AGGREGATE,,,,,,,true,,,,,,,,,,,,,,,,,,,,,,,,,,,,,,,,,,,,,,,,,,,,,,,,,,,,,,,,,,,,,,,,,,,,,,"Sharing(owner=M5zQapPyTZI, publicAccess=rw------, external=false, users={}, userGroups={})",,INTEGER_ZERO_OR_POSITIVE,,,2021-06-03T18:19:07.735,2021-06-03T18:19:07.735,"Pneumonia cases identified",GaMNZLJRN0P,"Pneumonia cases identified",,,,,,,,,,,
,,,,,,,,,,,,,,,,,,,,,,,,,,,,,,,,,,,,,,,,,,,,,,,,,,,,,,,,,,,,,SUM,AGGREGATE,,,,,,,true,,,,,,,,,,,,,,,,,,,,,,,,,,,,,,,,,,,,,,,,,,,,,,,,,,,,,,,,,,,,,,,,,,,,,,"Sharing(owner=M5zQapPyTZI, publicAccess=rw------, external=false, users={}, userGroups={})",,INTEGER_ZERO_OR_POSITIVE,,,2021-06-03T18:20:05.445,2021-06-03T18:20:05.445,"Pneumonia treated (antibiotics)",MHk1WnpUWmg,"Pneumonia treated (antibiotics)",,,,,,,,,,,
,,,,,,,,,,,,,,,,,,,,,,,,,,,,,,,,,,,,,,,,,,,,,,,,,,,,,,,,,,,,,SUM,AGGREGATE,,,,,,,true,,,,,,,,,,,,,,,,,,,,,,,,,,,,,,,,,,,,,,,,,,,,,,,,,,,,,,,,,,,,,,,,,,,,,,"Sharing(owner=M5zQapPyTZI, publicAccess=rw------, external=false, users={}, userGroups={})",,INTEGER_ZERO_OR_POSITIVE,,,2021-06-03T18:15:14.461,2021-06-03T18:15:14.461,"Post Natal Visits",bTU82o9OBw5,"Post Natal Visits",,,,,,,,,,,
,,,,,,,,,,,,,,,,,,,,,,,,,,,,,,,,,,,,,,,,,,,,,,,,,,,,,,,,,,,,,SUM,AGGREGATE,,,,,,,true,,,,,,,,,,,,,,,,,,,,,,,,,,,,,,,,,,,,,,,,,,,,,,,,,,,,,,,,,,,,,,,,,,,,,,"Sharing(owner=M5zQapPyTZI, publicAccess=rw------, external=false, users={}, userGroups={})",,INTEGER_ZERO_OR_POSITIVE,,,2021-06-03T18:09:48.533,2021-06-03T18:09:48.533,"Post-neonatal deaths",sz7zSbAJ4wG,"Post-neonatal deaths",,,,,,,,,,,
,,,,,,,,,,,,,,,,,,,,,,,,,,,,,,,,,,,,,,,,,,,,,,,,,,,,,,,,,,,,,SUM,AGGREGATE,,,,,,,true,,,,,,,,,,,,,,,,,,,,,,,,,,,,,,,,,,,,,,,,,,,,,,,,,,,,,,,,,,,,,,,,,,,,,,"Sharing(owner=M5zQapPyTZI, publicAccess=rw------, external=false, users={}, userGroups={})",,INTEGER_ZERO_OR_POSITIVE,,,2021-06-03T18:13:23.305,2021-06-03T18:13:23.305,"Pregnant Woman Visits",gOd9MIp41F3,"Pregnant Woman Visits",,,,,,,,,,,
,,,,,,,,,,,,,,,,,,,,,,,,,,,,,,,,,,,,,,,,,,,,,,,,,,,,,,,,,,,,,SUM,AGGREGATE,,,,,,,false,,,,,,,,,,,,,,,,,,,,,,,,,,,,,,,,,,,,,,,,,,,,,,,,,,,,,,,,,,,,,,,,,,,,,,"Sharing(owner=M5zQapPyTZI, publicAccess=rw------, external=false, users={}, userGroups={})",,DATE,,,2021-07-22T21:12:40.077,2021-07-22T21:12:40.077,"QA Date",Iq4nr2J6WYv,"QA Date",,,,,,,,,,,
,,,,,,,,,,,,,,,,,,,,,,,,,,,,,,,,,,,,,,,,,,,,,,,,,,,,,,,,,,,,,NONE,AGGREGATE,,,,,,,false,,,,,,,,,,,,,,,,,,,,,,,,,,,,,,,,,,,,,,,,,,,,,,,,,,,,,,,,,,,,,,,,,,,,,,"Sharing(owner=M5zQapPyTZI, publicAccess=rw------, external=false, users={}, userGroups={})",,TEXT,,,2021-07-22T21:10:44.975,2021-07-22T21:10:44.975,"QA Initials",MIEXZbeYTUN,"QA Initials",,,,,,,,,,,
,,,,,,,,,,,,,,,,,,,,,,,,,,,,,,,,,,,,,,,,,,,,,,,,,,,,,,,,,,,,,SUM,AGGREGATE,,,,,,,true,,,,,,,,,,,,,,,,,,,,,,,,,,,,,,,,,,,,,,,,,,,,,,,,,,,,,,,,,,,,,,,,,,,,,,"Sharing(owner=M5zQapPyTZI, publicAccess=rw------, external=false, users={}, userGroups={})",,INTEGER_ZERO_OR_POSITIVE,,,2021-06-03T18:14:50.019,2021-06-03T18:14:50.019,"Referred for ANC",hdu3LtlmXQ7,"Referred for ANC",,,,,,,,,,,
,,,,,,,,,,,,,,,,,,,,,,,,,,,,,,,,,,,,,,,,,,,,,,,,,,,,,,,,,,,,,SUM,AGGREGATE,,,,,,,true,,,,,,,,,,,,,,,,,,,,,,,,,,,,,,,,,,,,,,,,,,,,,,,,,,,,,,,,,,,,,,,,,,,,,,"Sharing(owner=M5zQapPyTZI, publicAccess=rw------, external=false, users={}, userGroups={})",,NUMBER,,,2021-06-03T18:15:29.535,2021-06-03T18:15:29.535,"Referred for Danger Sign",mfyq1hPB2YE,"Referred for Danger Sign",,,,,,,,,,,
,,,,,,,,,,,,,,,,,,,,,,,,,,,,,,,,,,,,,,,,,,,,,,,,,,,,,,,,,,,,,SUM,AGGREGATE,,,,,,,true,,,,,,,,,,,,,,,,,,,,,,,,,,,,,,,,,,,,,,,,,,,,,,,,,,,,,,,,,,,,,,,,,,,,,,"Sharing(owner=M5zQapPyTZI, publicAccess=rw------, external=false, users={}, userGroups={})",,INTEGER_ZERO_OR_POSITIVE,,,2021-06-03T18:14:26.719,2021-06-03T18:14:26.719,"Referred for Delivery",Yw46HjApoVA,"Referred for Delivery",,,,,,,,,,,
,,,,,,,,,,,,,,,,,,,,,,,,,,,,,,,,,,,,,,,,,,,,,,,,,,,,,,,,,,,,,SUM,AGGREGATE,,,,,,,true,,,,,,,,,,,,,,,,,,,,,,,,,,,,,,,,,,,,,,,,,,,,,,,,,,,,,,,,,,,,,,,,,,,,,,"Sharing(owner=M5zQapPyTZI, publicAccess=rw------, external=false, users={}, userGroups={})",,INTEGER_ZERO_OR_POSITIVE,,,2021-06-03T18:22:03.328,2021-06-03T18:22:03.328,"Referred to Health Facility",iCVNyn9jQMo,"Referred to Health Facility",,,,,,,,,,,
,,,,,,,,,,,,,,,,,,,,,,,,,,,,,,,,,,,,,,,,,,,,,,,,,,,,,,,,,,,,,SUM,AGGREGATE,,,,,,,false,,,,,,,,,,,,,,,,,,,,,,,,,,,,,,,,,,,,,,,,,,,,,,,,,,,,,,,,,,,,,,,,,,,,,,"Sharing(owner=M5zQapPyTZI, publicAccess=rw------, external=false, users={}, userGroups={})",,INTEGER_POSITIVE,,,2021-06-14T15:30:22.537,2021-06-14T15:30:22.537,"Report Month",HRV5VqsMNt3,"Report Month",,,,,,,,,,,
,,,,,,,,,,,,,,,,,,,,,,,,,,,,,,,,,,,,,,,,,,,,,,,,,,,,,,,,,,,,,SUM,AGGREGATE,,,,,,,false,,,,,,,,,,,,,,,,,,,,,,,,,,,,,,,,,,,,,,,,,,,,,,,,,,,,,,,,,,,,,,,,,,,,,,"Sharing(owner=M5zQapPyTZI, publicAccess=rw------, external=false, users={}, userGroups={})",,INTEGER_POSITIVE,,,2021-06-14T15:31:25.992,2021-06-14T16:07:09.872,"Report Year",N3aptMjmGtP,"Report Year",,,,,,,,,,,
,,,,,,,,,,,,,,,,,,,,,,,,,,,,,,,,,,,,,,,,,,,,,,,,,,,,,,,,,,,,,SUM,AGGREGATE,,,,,,,true,,,,,,,,,,,,,,,,,,,,,,,,,,,,,,,,,,,,,,,,,,,,,,,,,,,,,,,,,,,,,,,,,,,,,,"Sharing(owner=M5zQapPyTZI, publicAccess=rw------, external=false, users={}, userGroups={})",,INTEGER_ZERO_OR_POSITIVE,,,2021-06-03T18:04:29.019,2021-06-05T16:57:32.628,"Routine household visits",Aix5nQuHZZ7,"Routine household visits",,,,,,,,,,,
,,,,,,,,,,,,,,,,,,,,,,,,,,,,,,,,,,,,,,,,,,,,,,,,,,,,,,,,,,,,,SUM,AGGREGATE,,,,,,,false,,,,,,,,,,,,,,,,,,,,,,,,,,,,,,,,,,,,,,,,,,,,,,,,,,,,,,,,,,,,,,,,,,,,,,"Sharing(owner=M5zQapPyTZI, publicAccess=rw------, external=false, users={}, userGroups={})",,INTEGER_ZERO_OR_POSITIVE,,,2021-06-03T18:06:27.411,2021-06-03T18:06:27.411,"Still births",My6fBAMvQff,"Still births",,,,,,,,,,,
,,,,,,,,,,,,,,,,,,,,,,,,,,,,,,,,,,,,,,,,,,,,,,,,,,,,,,,,,,,,,SUM,AGGREGATE,,,,,,,true,,,,,,,,,,,,,,,,,,,,,,,,,,,,,,,,,,,,,,,,,,,,,,,,,,,,,,,,,,,,,,,,,,,,,,"Sharing(owner=M5zQapPyTZI, publicAccess=rw------, external=false, users={}, userGroups={})",,INTEGER_ZERO_OR_POSITIVE,,,2021-06-03T18:22:45.894,2021-06-03T18:22:45.894,"TB Client Visits",jDUQ1XIfMrk,"TB Client Visits",,,,,,,,,,,
default,2021-06-03T15:57:03.913,2021-07-22T21:24:01.789,default,GLevLNI9wkl,,,,,,,,,,,,,,,,,,,,,,,,,,,,,,,,,,,,,,,,,,,,,,,,,,,,,,,,,,,,,,,,,,,,,,,,,,DISAGGREGATION,"Sharing(owner=null, publicAccess=rw------, external=false, users={}, userGroups={})",false,,,,,,,,,,,,,,,,,,,,,,,,,,,,,,,,,,,,,,,,,,,,,,,,,,,,,,,,,,,,,,,,,,,,default,,,,,,,,,,,
,,,,,,,,,,,,,,,,,,,,,,,,,,,,,,,,,,,,,,,,,,,,,,,,,,,,,,,,,,,,,,,,,,,,,,,,,,,,,,,,,,,,,,,,,,,,,,,,,,,,,,,,,,,,,,,,,,,,,,,,,,,,,,,,,,,,,,,,,,,"Sharing(owner=M5zQapPyTZI, publicAccess=rw------, external=false, users={}, userGroups={})",,,,,2021-06-05T16:03:00.517,2021-07-19T18:19:08.011,"Data entry",LONCvpubDqd,,,"Data entry",,,,,,,,,
,,,,,,,,,,,,,,,,,,,,,,,,,,,,,,,,,,,,,,,,,,,,,,,,,,,,,,,,,,,,,,,,,,,,,,,,,,,,,,,,,,,,,,,,,,,,,,,,,,,,,,,,,,,,,,,,,,,,,,,,,,,,,,,,,,,,,,,,,,,"Sharing(owner=M5zQapPyTZI, publicAccess=--------, external=false, users={}, userGroups={})",,,Superuser,,2021-06-03T15:57:01.876,2021-06-06T13:37:24.292,Superuser,yrB6vc5Ip3r,,,Superuser,,,,,,,,,
admin,,,,,,,,,,,,,,,,,,,,,,,,,,,,,,,,,,,,,,,,,,,,,,,,,,,,,,,,,,,,,,,,,,,,,,,,,,,,,,,,,,,,,,,,,,,,,,,,,,admin,,,,,,,,,2021-06-14T15:08:34.070,admin,,,,,,,,,,,,,,,,,,,,,,,,,,,,,,,,,,,,2021-06-03T15:57:01.373,2021-06-14T15:08:34.070,,M5zQapPyTZI,,,,,,,,,,,,
,,,,,,,,,,,,,,,,,,,,,,,,,,,,,,,,,,,,,,,,,,,,,,,,,,,,,,,,,,,,,,,,,,,,,,,,,,,,,,,,,,,,,,,,,,,,,,,,,,Sonpon,,,,,,,,,,William,,,,,,,,,,,,,,,,,,,,,,,,,,,,,,,,,,,,2021-07-14T14:19:17.008,2021-07-14T14:19:17.008,,NBssqs5QRJ8,,,,,,,,,,,,
,,,,,,,,,,,,,,,,,,,,,,,,,,,,,,,,,,,,,,,,,,,,,,,,,,,,,,,,,,,,,,,,,,,,,,,,,,,,,,,,,,,,,,,,,,,,,,,,,,Gueh,,,,,,,,,,Jacob,,,,,,,,,,,,,,,,,,,,,,,,,,,,,,,,,,,,2021-07-19T18:18:43.846,2021-07-19T18:18:43.846,,QC2WMu9MIG0,,,,,,,,,,,,dsurrao@hotmail.com
,,,,,,,,,,,,,,,,,,,,,,,,,,,,,,,,,,,,,,,,,,,,,,,,,,,,,,,,,,,,,,,,,,,,,,,,,,,,,,,,,,,,,,,,,,,,,,,,,,Eddins,,,,,,,,,,Owen,,,,,,,,,,,,,,,,,,,,,,,,,,,,,,,,,,,,2021-06-06T13:38:02.648,2021-06-06T13:42:32.553,,VWvneX6osYe,,,,,,,,,,,,
,,,,,,,,,,,,,,,,,,,,,,,,,,,,,,,,,,,,,,,,,,,,,,,,,,,,,,,,,,,,,,,,,,,,,,,,,,,,,,,,,,,,,,,,,,,,,,,,,,Surrao,,,,,,,,,,Dominic,,,,,,,,,,,,,,,,,,,,,,,,,,,,,,,,,,,,2021-06-05T16:01:43.033,2021-06-06T13:42:23.726,,dLDSIzvVep5,,,,,,,,,,,,
,,,,,,,,,,,,,,,,,,,,,,,,,,,,,,,,,,,,,,,,,,,,,,,,,,,,,,,,,,,,,,,,,,,,,,,,,,,,,,,,,,,,,,,,,,,,,,,,,,Karlay,,,,,,,,,,Robert,,,,,,,,,,,,,,,,,,,,,,,,,,,,,,,,,,,,2021-07-14T14:18:27.222,2021-07-14T14:18:27.222,,p8rY0Hn85NU,,,,,,,,,,,,
,,,,,,,,,,,,,,,,,,,,,,,,,,,,,,,,,,,,,,,,,,,,,,,,,,,,,,,,,,,,,,,,,,,,,,,,,,,,,,,,,,,,,,,,,,,,,,,,,,,,,,,,,,,,,,,,,,,,,,6,,,,,,,,,,,,,,,,,,,,,,,,,6,2021-06-03T19:45:43.085,2021-06-03T19:51:22.849,"CHA Position ID",yHTELB8pBKb,,,,,,,,,,,,
,,,,,,,,,,,,,,,,,,,,,,,,,,,,,,,,,,,,,,,,,,,,,,,,,,,,,,,,,,,,,,,,,,,,,,,,,,,,,,,,,,,,,,,,,,,,,,,,,,,,,,,,,,,,,,,,,,,,,,5,,,,,,,,,,,,,,,,,,,,,,,,,5,2021-06-03T19:45:43.056,2021-06-03T19:51:22.828,"CHSS Postion ID",mD2NzgUvBBs,,,,,,,,,,,,
,,,,,,,,,,,,,,,,,,,,,,,,,,,,,,,,,,,,,,,,,,,,,,,,,,,,,,,,,,,,,,,,,,,,,,,,,,,,,,,,,,,,,,,,,,,,,,,,,,,,,,,,,,,,,,,,,,,,,,1,,,,,,,,,,,,,,,,,,,,,,,,,1,2021-06-03T19:45:42.923,2021-06-03T19:51:22.740,Country,aqhCQwrFbwo,,,,,,,,,,,,
,,,,,,,,,,,,,,,,,,,,,,,,,,,,,,,,,,,,,,,,,,,,,,,,,,,,,,,,,,,,,,,,,,,,,,,,,,,,,,,,,,,,,,,,,,,,,,,,,,,,,,,,,,,,,,,,,,,,,,2,,,,,,,,,,,,,,,,,,,,,,,,,2,2021-06-03T19:45:42.969,2021-06-03T19:51:22.762,County,vW2j27b7Fbz,,,,,,,,,,,,
,,,,,,,,,,,,,,,,,,,,,,,,,,,,,,,,,,,,,,,,,,,,,,,,,,,,,,,,,,,,,,,,,,,,,,,,,,,,,,,,,,,,,,,,,,,,,,,,,,,,,,,,,,,,,,,,,,,,,,3,,,,,,,,,,,,,,,,,,,,,,,,,3,2021-06-03T19:45:42.996,2021-06-03T19:51:22.781,"Health District",PsGPiYfdagd,,,,,,,,,,,,
,,,,,,,,,,,,,,,,,,,,,,,,,,,,,,,,,,,,,,,,,,,,,,,,,,,,,,,,,,,,,,,,,,,,,,,,,,,,,,,,,,,,,,,,,,,,,,,,,,,,,,,,,,,,,,,,,,,,,,4,,,,,,,,,,,,,,,,,,,,,,,,,4,2021-06-03T19:45:43.029,2021-06-03T19:51:22.807,"Health Facility",tKGoOb2MqWc,,,,,,,,,,,,
1,2021-06-14T15:27:21.361,2021-06-14T15:27:21.377,1,Uyr4EzGdTUL,,,,,,,,,,,,,,,,,,,,,,,,,,,,,,,,,,,,,,,,,,,,,,,,,,,,,,,,,,,,,,,,,,,,,,,,,,,,,,,,,,,,,,,,,,,,,,,,,,,,,,,,,,,,,,,,,,,,,,,,,,1,,,,,,,,,,,,,,,,,,,,,,,,,,,,,,,,,
10,2021-06-14T15:28:48.178,2021-06-14T15:28:48.186,10,ZdsNDj3znZq,,,,,,,,,,,,,,,,,,,,,,,,,,,,,,,,,,,,,,,,,,,,,,,,,,,,,,,,,,,,,,,,,,,,,,,,,,,,,,,,,,,,,,,,,,,,,,,,,,,,,,,,,,,,,,,,,,,,,,,,,,10,,,,,,,,,,,,,,,,,,,,,,,,,,,,,,,,,
11,2021-06-14T15:28:53.874,2021-06-14T15:28:53.888,11,jQhx2oV0LHH,,,,,,,,,,,,,,,,,,,,,,,,,,,,,,,,,,,,,,,,,,,,,,,,,,,,,,,,,,,,,,,,,,,,,,,,,,,,,,,,,,,,,,,,,,,,,,,,,,,,,,,,,,,,,,,,,,,,,,,,,,11,,,,,,,,,,,,,,,,,,,,,,,,,,,,,,,,,
12,2021-06-14T15:29:01.102,2021-06-14T15:29:01.111,12,UoA9umYgz08,,,,,,,,,,,,,,,,,,,,,,,,,,,,,,,,,,,,,,,,,,,,,,,,,,,,,,,,,,,,,,,,,,,,,,,,,,,,,,,,,,,,,,,,,,,,,,,,,,,,,,,,,,,,,,,,,,,,,,,,,,12,,,,,,,,,,,,,,,,,,,,,,,,,,,,,,,,,
2,2021-06-14T15:27:56.159,2021-06-14T15:27:56.167,2,XnfECAidwid,,,,,,,,,,,,,,,,,,,,,,,,,,,,,,,,,,,,,,,,,,,,,,,,,,,,,,,,,,,,,,,,,,,,,,,,,,,,,,,,,,,,,,,,,,,,,,,,,,,,,,,,,,,,,,,,,,,,,,,,,,2,,,,,,,,,,,,,,,,,,,,,,,,,,,,,,,,,
2016,2021-06-14T15:38:25.320,2021-06-14T15:38:25.326,2016,pj9XqkaMrI9,,,,,,,,,,,,,,,,,,,,,,,,,,,,,,,,,,,,,,,,,,,,,,,,,,,,,,,,,,,,,,,,,,,,,,,,,,,,,,,,,,,,,,,,,,,,,,,,,,,,,,,,,,,,,,,,,,,,,,,,,,1,,,,,,,,,,,,,,,,,,,,,,,,,,,,,,,,,
2017,2021-06-14T15:38:33.792,2021-06-14T15:38:33.801,2017,QlKU8SjHV8r,,,,,,,,,,,,,,,,,,,,,,,,,,,,,,,,,,,,,,,,,,,,,,,,,,,,,,,,,,,,,,,,,,,,,,,,,,,,,,,,,,,,,,,,,,,,,,,,,,,,,,,,,,,,,,,,,,,,,,,,,,2,,,,,,,,,,,,,,,,,,,,,,,,,,,,,,,,,
2018,2021-06-14T15:38:44.304,2021-06-14T15:38:44.315,2018,xwVpj2Pyblr,,,,,,,,,,,,,,,,,,,,,,,,,,,,,,,,,,,,,,,,,,,,,,,,,,,,,,,,,,,,,,,,,,,,,,,,,,,,,,,,,,,,,,,,,,,,,,,,,,,,,,,,,,,,,,,,,,,,,,,,,,3,,,,,,,,,,,,,,,,,,,,,,,,,,,,,,,,,
2019,2021-06-14T15:38:56.858,2021-06-14T15:38:56.867,2019,JYtDzMFd1yK,,,,,,,,,,,,,,,,,,,,,,,,,,,,,,,,,,,,,,,,,,,,,,,,,,,,,,,,,,,,,,,,,,,,,,,,,,,,,,,,,,,,,,,,,,,,,,,,,,,,,,,,,,,,,,,,,,,,,,,,,,4,,,,,,,,,,,,,,,,,,,,,,,,,,,,,,,,,
2020,2021-06-14T15:39:10.260,2021-06-14T15:39:10.267,2020,arFyAglnQhN,,,,,,,,,,,,,,,,,,,,,,,,,,,,,,,,,,,,,,,,,,,,,,,,,,,,,,,,,,,,,,,,,,,,,,,,,,,,,,,,,,,,,,,,,,,,,,,,,,,,,,,,,,,,,,,,,,,,,,,,,,5,,,,,,,,,,,,,,,,,,,,,,,,,,,,,,,,,
2021,2021-06-14T15:39:20.339,2021-06-14T15:39:20.348,2021,op2w8jvII0u,,,,,,,,,,,,,,,,,,,,,,,,,,,,,,,,,,,,,,,,,,,,,,,,,,,,,,,,,,,,,,,,,,,,,,,,,,,,,,,,,,,,,,,,,,,,,,,,,,,,,,,,,,,,,,,,,,,,,,,,,,6,,,,,,,,,,,,,,,,,,,,,,,,,,,,,,,,,
2022,2021-06-14T15:39:32.858,2021-06-14T15:39:32.865,2022,CRqDp7nZH3z,,,,,,,,,,,,,,,,,,,,,,,,,,,,,,,,,,,,,,,,,,,,,,,,,,,,,,,,,,,,,,,,,,,,,,,,,,,,,,,,,,,,,,,,,,,,,,,,,,,,,,,,,,,,,,,,,,,,,,,,,,7,,,,,,,,,,,,,,,,,,,,,,,,,,,,,,,,,
2023,2021-06-14T15:39:42.638,2021-06-14T15:39:42.652,2023,iYzQ6R8IO3M,,,,,,,,,,,,,,,,,,,,,,,,,,,,,,,,,,,,,,,,,,,,,,,,,,,,,,,,,,,,,,,,,,,,,,,,,,,,,,,,,,,,,,,,,,,,,,,,,,,,,,,,,,,,,,,,,,,,,,,,,,8,,,,,,,,,,,,,,,,,,,,,,,,,,,,,,,,,
2024,2021-06-14T15:39:51.450,2021-06-14T15:39:51.459,2024,HhiL5G8hMRr,,,,,,,,,,,,,,,,,,,,,,,,,,,,,,,,,,,,,,,,,,,,,,,,,,,,,,,,,,,,,,,,,,,,,,,,,,,,,,,,,,,,,,,,,,,,,,,,,,,,,,,,,,,,,,,,,,,,,,,,,,9,,,,,,,,,,,,,,,,,,,,,,,,,,,,,,,,,
2025,2021-06-14T15:40:02.159,2021-06-14T15:40:02.166,2025,iyEVSvmC7d5,,,,,,,,,,,,,,,,,,,,,,,,,,,,,,,,,,,,,,,,,,,,,,,,,,,,,,,,,,,,,,,,,,,,,,,,,,,,,,,,,,,,,,,,,,,,,,,,,,,,,,,,,,,,,,,,,,,,,,,,,,10,,,,,,,,,,,,,,,,,,,,,,,,,,,,,,,,,
2026,2021-06-14T15:40:15.319,2021-06-14T15:40:15.327,2026,NOMM7c3mAv1,,,,,,,,,,,,,,,,,,,,,,,,,,,,,,,,,,,,,,,,,,,,,,,,,,,,,,,,,,,,,,,,,,,,,,,,,,,,,,,,,,,,,,,,,,,,,,,,,,,,,,,,,,,,,,,,,,,,,,,,,,11,,,,,,,,,,,,,,,,,,,,,,,,,,,,,,,,,
2027,2021-06-14T15:40:25.314,2021-06-14T15:40:25.323,2027,oUcqJ30p4av,,,,,,,,,,,,,,,,,,,,,,,,,,,,,,,,,,,,,,,,,,,,,,,,,,,,,,,,,,,,,,,,,,,,,,,,,,,,,,,,,,,,,,,,,,,,,,,,,,,,,,,,,,,,,,,,,,,,,,,,,,12,,,,,,,,,,,,,,,,,,,,,,,,,,,,,,,,,
2028,2021-06-14T15:40:35.394,2021-06-14T15:40:35.403,2028,AlLfTbfkWOF,,,,,,,,,,,,,,,,,,,,,,,,,,,,,,,,,,,,,,,,,,,,,,,,,,,,,,,,,,,,,,,,,,,,,,,,,,,,,,,,,,,,,,,,,,,,,,,,,,,,,,,,,,,,,,,,,,,,,,,,,,13,,,,,,,,,,,,,,,,,,,,,,,,,,,,,,,,,
2029,2021-06-14T15:40:47.858,2021-06-14T15:40:47.865,2029,hz3deYs8hjT,,,,,,,,,,,,,,,,,,,,,,,,,,,,,,,,,,,,,,,,,,,,,,,,,,,,,,,,,,,,,,,,,,,,,,,,,,,,,,,,,,,,,,,,,,,,,,,,,,,,,,,,,,,,,,,,,,,,,,,,,,14,,,,,,,,,,,,,,,,,,,,,,,,,,,,,,,,,
2030,2021-06-14T15:40:58.862,2021-06-14T15:40:58.870,2030,P9VRykR53dM,,,,,,,,,,,,,,,,,,,,,,,,,,,,,,,,,,,,,,,,,,,,,,,,,,,,,,,,,,,,,,,,,,,,,,,,,,,,,,,,,,,,,,,,,,,,,,,,,,,,,,,,,,,,,,,,,,,,,,,,,,15,,,,,,,,,,,,,,,,,,,,,,,,,,,,,,,,,
2031,2021-06-14T15:41:10.139,2021-06-14T15:41:10.145,2031,pdUKsfwFcng,,,,,,,,,,,,,,,,,,,,,,,,,,,,,,,,,,,,,,,,,,,,,,,,,,,,,,,,,,,,,,,,,,,,,,,,,,,,,,,,,,,,,,,,,,,,,,,,,,,,,,,,,,,,,,,,,,,,,,,,,,16,,,,,,,,,,,,,,,,,,,,,,,,,,,,,,,,,
2032,2021-06-14T15:41:19.930,2021-06-14T15:41:19.940,2032,C8S4LcPKdos,,,,,,,,,,,,,,,,,,,,,,,,,,,,,,,,,,,,,,,,,,,,,,,,,,,,,,,,,,,,,,,,,,,,,,,,,,,,,,,,,,,,,,,,,,,,,,,,,,,,,,,,,,,,,,,,,,,,,,,,,,17,,,,,,,,,,,,,,,,,,,,,,,,,,,,,,,,,
2033,2021-06-14T15:41:30.674,2021-06-14T15:41:30.682,2033,vh6AxWUxAF3,,,,,,,,,,,,,,,,,,,,,,,,,,,,,,,,,,,,,,,,,,,,,,,,,,,,,,,,,,,,,,,,,,,,,,,,,,,,,,,,,,,,,,,,,,,,,,,,,,,,,,,,,,,,,,,,,,,,,,,,,,18,,,,,,,,,,,,,,,,,,,,,,,,,,,,,,,,,
3,2021-06-14T15:28:02.663,2021-06-14T15:28:02.686,3,nIrgDRjKwHB,,,,,,,,,,,,,,,,,,,,,,,,,,,,,,,,,,,,,,,,,,,,,,,,,,,,,,,,,,,,,,,,,,,,,,,,,,,,,,,,,,,,,,,,,,,,,,,,,,,,,,,,,,,,,,,,,,,,,,,,,,3,,,,,,,,,,,,,,,,,,,,,,,,,,,,,,,,,
4,2021-06-14T15:28:08.714,2021-06-14T15:28:08.732,4,p1x6ZReZVKB,,,,,,,,,,,,,,,,,,,,,,,,,,,,,,,,,,,,,,,,,,,,,,,,,,,,,,,,,,,,,,,,,,,,,,,,,,,,,,,,,,,,,,,,,,,,,,,,,,,,,,,,,,,,,,,,,,,,,,,,,,4,,,,,,,,,,,,,,,,,,,,,,,,,,,,,,,,,
5,2021-06-14T15:28:14.818,2021-06-14T15:28:14.833,5,kNrPdN9DoV0,,,,,,,,,,,,,,,,,,,,,,,,,,,,,,,,,,,,,,,,,,,,,,,,,,,,,,,,,,,,,,,,,,,,,,,,,,,,,,,,,,,,,,,,,,,,,,,,,,,,,,,,,,,,,,,,,,,,,,,,,,5,,,,,,,,,,,,,,,,,,,,,,,,,,,,,,,,,
6,2021-06-14T15:28:21.367,2021-06-14T15:28:21.374,6,Z3NL1aIJbM5,,,,,,,,,,,,,,,,,,,,,,,,,,,,,,,,,,,,,,,,,,,,,,,,,,,,,,,,,,,,,,,,,,,,,,,,,,,,,,,,,,,,,,,,,,,,,,,,,,,,,,,,,,,,,,,,,,,,,,,,,,6,,,,,,,,,,,,,,,,,,,,,,,,,,,,,,,,,
7,2021-06-14T15:28:28.095,2021-06-14T15:28:28.103,7,j55hWzroX43,,,,,,,,,,,,,,,,,,,,,,,,,,,,,,,,,,,,,,,,,,,,,,,,,,,,,,,,,,,,,,,,,,,,,,,,,,,,,,,,,,,,,,,,,,,,,,,,,,,,,,,,,,,,,,,,,,,,,,,,,,7,,,,,,,,,,,,,,,,,,,,,,,,,,,,,,,,,
8,2021-06-14T15:28:34.138,2021-06-14T15:28:34.150,8,AjorarvRGi1,,,,,,,,,,,,,,,,,,,,,,,,,,,,,,,,,,,,,,,,,,,,,,,,,,,,,,,,,,,,,,,,,,,,,,,,,,,,,,,,,,,,,,,,,,,,,,,,,,,,,,,,,,,,,,,,,,,,,,,,,,8,,,,,,,,,,,,,,,,,,,,,,,,,,,,,,,,,
9,2021-06-14T15:28:40.338,2021-06-14T15:28:40.346,9,XVBvFoTZm6H,,,,,,,,,,,,,,,,,,,,,,,,,,,,,,,,,,,,,,,,,,,,,,,,,,,,,,,,,,,,,,,,,,,,,,,,,,,,,,,,,,,,,,,,,,,,,,,,,,,,,,,,,,,,,,,,,,,,,,,,,,9,,,,,,,,,,,,,,,,,,,,,,,,,,,,,,,,,
,,,,,,,,,,,,,,,,,,,,,,,,,,,,,,,,,,,,,,,,,,,,,,,,,,,,,,,,,,,,,,,,,,,,,,,,,,,,,,,,,,,,,,,,,,,,,,,,,,,,,,,,,,,,,,,,,,,,,,,,,,,,,,,,,,,,,false,,,,,,,,,default,,2021-06-03T15:57:03.933,2021-06-03T15:57:03.940,default,HllvX50cXC0,,,,,,,,,,,,
,,,,,,,,,,,,,,,,,,,,,,,,,,,,,,,,,,,,,,,,,,,,,,,,,,,,,,,,,,,,,,,,,,,,,,,,,,,,,,,,,,,,,,,,,,,,,,,,,,,,,,,,,,,,,,,,,,,,,,,,,,,,,,,,,,,,,,,,,,,"Sharing(owner=M5zQapPyTZI, publicAccess=rw------, external=false, users={}, userGroups={})",13,INTEGER_POSITIVE,,,2021-06-14T15:27:12.114,2021-06-14T15:29:01.374,"Report Month",DwZvSjfDfTT,,,,,,,,,,,,
,,,,,,,,,,,,,,,,,,,,,,,,,,,,,,,,,,,,,,,,,,,,,,,,,,,,,,,,,,,,,,,,,,,,,,,,,,,,,,,,,,,,,,,,,,,,,,,,,,,,,,,,,,,,,,,,,,,,,,,,,,,,,,,,,,,,,,,,,,,"Sharing(owner=M5zQapPyTZI, publicAccess=rw------, external=false, users={}, userGroups={})",18,INTEGER_POSITIVE,,,2021-06-14T15:38:11.721,2021-06-14T15:41:30.904,"Report Year",TLrZjSbPOlc,,,,,,,,,,,,
,,,,,,,,,,,,,,,,,,,,,,,,,,,,,,,,,,,,,,,,,,,,,,,,,,,,,,,,,,,,,,,,,,,,,,,,,,,,,,,,,,,,,,,,,,,,,,,,,,,,,,,,,,,,,,,,,,,,,,,,,,,,,,,,,,,,,,,,,,,,,,,5,2021-07-19T18:05:12.716,2021-07-20T20:56:47.356,1CC1-001,CmRqlSbWfYB,1CC1-001,,,,,"/IV4g6A4iLgL/UlPjp5nWLLC/x0rbmgX48G0/uNC0GfwW2pM/CmRqlSbWfYB",,,,,1921-07-19T00:00:00.000,
,,,,,,,,,,,,,,,,,,,,,,,,,,,,,,,,,,,,,,,,,,,,,,,,,,,,,,,,,,,,,,,,,,,,,,,,,,,,,,,,,,,,,,,,,,,,,,,,,,,,,,,,,,,,,,,,,,,,,,,,,,,,,,,,,,,,,,,,,,,,,,,6,2021-07-19T18:08:02.545,2021-07-19T18:19:08.018,1CC1-01,iDTv7ibVkeE,1CC1-01,,,,,"/IV4g6A4iLgL/UlPjp5nWLLC/x0rbmgX48G0/uNC0GfwW2pM/CmRqlSbWfYB/iDTv7ibVkeE",,,,,1921-07-19T00:00:00.000,
,,,,,,,,,,,,,,,,,,,,,,,,,,,,,,,,,,,,,,,,,,,,,,,,,,,,,,,,,,,,,,,,,,,,,,,,,,,,,,,,,,,,,,,,,,,,,,,,,,,,,,,,,,,,,,,,,,,,,,,,,,,,,,,,,,,,,,,,,,,,,,,6,2021-07-19T18:08:42.839,2021-07-19T18:08:42.860,1CC1-02,RgsYzTWjITA,1CC1-02,,,,,"/IV4g6A4iLgL/UlPjp5nWLLC/x0rbmgX48G0/uNC0GfwW2pM/CmRqlSbWfYB/RgsYzTWjITA",,,,,1921-07-19T00:00:00.000,
,,,,,,,,,,,,,,,,,,,,,,,,,,,,,,,,,,,,,,,,,,,,,,,,,,,,,,,,,,,,,,,,,,,,,,,,,,,,,,,,,,,,,,,,,,,,,,,,,,,,,,,,,,,,,,,,,,,,,,,,,,,,,,,,,,,,,,,,,,,,,,,6,2021-07-19T18:09:04.247,2021-07-19T18:09:04.260,1CC1-03,cjLp7HIZBgd,1CC1-03,,,,,"/IV4g6A4iLgL/UlPjp5nWLLC/x0rbmgX48G0/uNC0GfwW2pM/CmRqlSbWfYB/cjLp7HIZBgd",,,,,1921-07-19T00:00:00.000,
,,,,,,,,,,,,,,,,,,,,,,,,,,,,,,,,,,,,,,,,,,,,,,,,,,,,,,,,,,,,,,,,,,,,,,,,,,,,,,,,,,,,,,,,,,,,,,,,,,,,,,,,,,,,,,,,,,,,,,,,,,,,,,,,,,,,,,,,,,,,,,,6,2021-07-19T18:09:30.363,2021-07-19T18:09:30.377,1CC1-04,kBnmd9eHZxu,1CC1-04,,,,,"/IV4g6A4iLgL/UlPjp5nWLLC/x0rbmgX48G0/uNC0GfwW2pM/CmRqlSbWfYB/kBnmd9eHZxu",,,,,1921-07-19T00:00:00.000,
,,,,,,,,,,,,,,,,,,,,,,,,,,,,,,,,,,,,,,,,,,,,,,,,,,,,,,,,,,,,,,,,,,,,,,,,,,,,,,,,,,,,,,,,,,,,,,,,,,,,,,,,,,,,,,,,,,,,,,,,,,,,,,,,,,,,,,,,,,,,,,,6,2021-07-19T18:09:56.927,2021-07-19T18:09:56.940,1CC1-05,pKYjw86eNkS,1CC1-05,,,,,"/IV4g6A4iLgL/UlPjp5nWLLC/x0rbmgX48G0/uNC0GfwW2pM/CmRqlSbWfYB/pKYjw86eNkS",,,,,1921-07-19T00:00:00.000,
,,,,,,,,,,,,,,,,,,,,,,,,,,,,,,,,,,,,,,,,,,,,,,,,,,,,,,,,,,,,,,,,,,,,,,,,,,,,,,,,,,,,,,,,,,,,,,,,,,,,,,,,,,,,,,,,,,,,,,,,,,,,,,,,,,,,,,,,,,,,,,,6,2021-07-19T18:10:22.400,2021-07-19T18:10:22.421,1CC1-06,WXOYnrZyXVt,1CC1-06,,,,,"/IV4g6A4iLgL/UlPjp5nWLLC/x0rbmgX48G0/uNC0GfwW2pM/CmRqlSbWfYB/WXOYnrZyXVt",,,,,1921-07-19T00:00:00.000,
,,,,,,,,,,,,,,,,,,,,,,,,,,,,,,,,,,,,,,,,,,,,,,,,,,,,,,,,,,,,,,,,,,,,,,,,,,,,,,,,,,,,,,,,,,,,,,,,,,,,,,,,,,,,,,,,,,,,,,,,,,,,,,,,,,,,,,,,,,,,,,,6,2021-07-19T18:10:48.875,2021-07-19T18:10:48.896,1CC1-07,oirLW2vjraW,1CC1-07,,,,,"/IV4g6A4iLgL/UlPjp5nWLLC/x0rbmgX48G0/uNC0GfwW2pM/CmRqlSbWfYB/oirLW2vjraW",,,,,1921-07-19T00:00:00.000,
,,,,,,,,,,,,,,,,,,,,,,,,,,,,,,,,,,,,,,,,,,,,,,,,,,,,,,,,,,,,,,,,,,,,,,,,,,,,,,,,,,,,,,,,,,,,,,,,,,,,,,,,,,,,,,,,,,,,,,,,,,,,,,,,,,,,,,,,,,,,,,,6,2021-07-19T18:11:08.826,2021-07-19T18:11:08.838,1CC1-08,N0yBQEut14D,1CC1-08,,,,,"/IV4g6A4iLgL/UlPjp5nWLLC/x0rbmgX48G0/uNC0GfwW2pM/CmRqlSbWfYB/N0yBQEut14D",,,,,1921-07-19T00:00:00.000,
,,,,,,,,,,,,,,,,,,,,,,,,,,,,,,,,,,,,,,,,,,,,,,,,,,,,,,,,,,,,,,,,,,,,,,,,,,,,,,,,,,,,,,,,,,,,,,,,,,,,,,,,,,,,,,,,,,,,,,,,,,,,,,,,,,,,,,,,,,,,,,,6,2021-07-19T18:11:28.551,2021-07-19T18:11:28.564,1CC1-09,lvXlrgXV9uj,1CC1-09,,,,,"/IV4g6A4iLgL/UlPjp5nWLLC/x0rbmgX48G0/uNC0GfwW2pM/CmRqlSbWfYB/lvXlrgXV9uj",,,,,1921-07-19T00:00:00.000,
,,,,,,,,,,,,,,,,,,,,,,,,,,,,,,,,,,,,,,,,,,,,,,,,,,,,,,,,,,,,,,,,,,,,,,,,,,,,,,,,,,,,,,,,,,,,,,,,,,,,,,,,,,,,,,,,,,,,,,,,,,,,,,,,,,,,,,,,,,,,,,,6,2021-07-19T18:11:49.179,2021-07-19T18:11:49.199,1CC1-10,KGgeHZKWbUi,1CC1-10,,,,,"/IV4g6A4iLgL/UlPjp5nWLLC/x0rbmgX48G0/uNC0GfwW2pM/CmRqlSbWfYB/KGgeHZKWbUi",,,,,1921-07-19T00:00:00.000,
,,,,,,,,,,,,,,,,,,,,,,,,,,,,,,,,,,,,,,,,,,,,,,,,,,,,,,,,,,,,,,,,,,,,,,,,,,,,,,,,,,,,,,,,,,,,,,,,,,,,,,,,,,,,,,,,,,,,,,,,,,,,,,,,,,,,,,,,,,,,,,,6,2021-07-19T18:12:07.143,2021-07-19T18:12:07.162,1CC1-11,E5xto46KQJs,1CC1-11,,,,,"/IV4g6A4iLgL/UlPjp5nWLLC/x0rbmgX48G0/uNC0GfwW2pM/CmRqlSbWfYB/E5xto46KQJs",,,,,1921-07-19T00:00:00.000,
,,,,,,,,,,,,,,,,,,,,,,,,,,,,,,,,,,,,,,,,,,,,,,,,,,,,,,,,,,,,,,,,,,,,,,,,,,,,,,,,,,,,,,,,,,,,,,,,,,,,,,,,,,,,,,,,,,,,,,,,,,,,,,,,,,,,,,,,,,,,,,,6,2021-07-19T18:12:24.816,2021-07-19T18:12:24.832,1CC1-12,Ev4fMbux8GN,1CC1-12,,,,,"/IV4g6A4iLgL/UlPjp5nWLLC/x0rbmgX48G0/uNC0GfwW2pM/CmRqlSbWfYB/Ev4fMbux8GN",,,,,1921-07-19T00:00:00.000,
,,,,,,,,,,,,,,,,,,,,,,,,,,,,,,,,,,,,,,,,,,,,,,,,,,,,,,,,,,,,,,,,,,,,,,,,,,,,,,,,,,,,,,,,,,,,,,,,,,,,,,,,,,,,,,,,,,,,,,,,,,,,,,,,,,,,,,,,,,,,,,,6,2021-07-19T18:12:43.941,2021-07-19T18:12:43.951,1CC1-13,XvqUIRU4x41,1CC1-13,,,,,"/IV4g6A4iLgL/UlPjp5nWLLC/x0rbmgX48G0/uNC0GfwW2pM/CmRqlSbWfYB/XvqUIRU4x41",,,,,1921-07-19T00:00:00.000,
,,,,,,,,,,,,,,,,,,,,,,,,,,,,,,,,,,,,,,,,,,,,,,,,,,,,,,,,,,,,,,,,,,,,,,,,,,,,,,,,,,,,,,,,,,,,,,,,,,,,,,,,,,,,,,,,,,,,,,,,,,,,,,,,,,,,,,,,,,,,,,,6,2021-07-19T18:13:56.615,2021-07-19T18:13:56.629,1CC1-14,B4ERJTUuEGu,1CC1-14,,,,,"/IV4g6A4iLgL/UlPjp5nWLLC/x0rbmgX48G0/uNC0GfwW2pM/CmRqlSbWfYB/B4ERJTUuEGu",,,,,1921-07-19T00:00:00.000,
,,,,,,,,,,,,,,,,,,,,,,,,,,,,,,,,,,,,,,,,,,,,,,,,,,,,,,,,,,,,,,,,,,,,,,,,,,,,,,,,,,,,,,,,,,,,,,,,,,,,,,,,,,,,,,,,,,,,,,,,,,,,,,,,,,,,,,,,,,,,,,,5,2021-06-03T19:34:53.657,2021-06-03T19:34:53.708,BB01-001,vdiXNqwo1DJ,BB01-001,,,,,"/IV4g6A4iLgL/dQCLVmqbQAt/sXQZB8HXgj0/O5jUejgJ1ls/vdiXNqwo1DJ",,,,,1921-06-03T00:00:00.000,
,,,,,,,,,,,,,,,,,,,,,,,,,,,,,,,,,,,,,,,,,,,,,,,,,,,,,,,,,,,,,,,,,,,,,,,,,,,,,,,,,,,,,,,,,,,,,,,,,,,,,,,,,,,,,,,,,,,,,,,,,,,,,,,,,,,,,,,,,,,,,,,5,2021-06-03T19:37:55.381,2021-06-03T19:37:55.413,BB01-002,t7pzzow9prl,BB01-002,,,,,"/IV4g6A4iLgL/dQCLVmqbQAt/sXQZB8HXgj0/O5jUejgJ1ls/t7pzzow9prl",,,,,1921-06-03T00:00:00.000,
BB01-01,,,,,,,,,,,,,,,,,,,,,,,,,,,,,,,,,,,,,,,,,,,,,,,,,,,,,,,,,,,,,,,,,,,,,,,,,,,,,,,,,,,,,,,,,,,,,,,,,,,,,,,,,,,,,,,,,,,,,,,,,,,,,,,,,,,,,,,,,,,,,,,6,2021-06-03T19:35:21.580,2021-07-20T20:57:23.586,BB01-01,plPz2j9VSIz,BB01-01,,,,,"/IV4g6A4iLgL/dQCLVmqbQAt/sXQZB8HXgj0/O5jUejgJ1ls/vdiXNqwo1DJ/plPz2j9VSIz",,,,,1921-06-03T00:00:00.000,
,,,,,,,,,,,,,,,,,,,,,,,,,,,,,,,,,,,,,,,,,,,,,,,,,,,,,,,,,,,,,,,,,,,,,,,,,,,,,,,,,,,,,,,,,,,,,,,,,,,,,,,,,,,,,,,,,,,,,,,,,,,,,,,,,,,,,,,,,,,,,,,6,2021-06-03T19:35:41.948,2021-07-14T14:57:16.745,BB01-02,kwIzfzpJ82z,BB01-02,,,,,"/IV4g6A4iLgL/dQCLVmqbQAt/sXQZB8HXgj0/O5jUejgJ1ls/vdiXNqwo1DJ/kwIzfzpJ82z",,,,,1921-06-03T00:00:00.000,
,,,,,,,,,,,,,,,,,,,,,,,,,,,,,,,,,,,,,,,,,,,,,,,,,,,,,,,,,,,,,,,,,,,,,,,,,,,,,,,,,,,,,,,,,,,,,,,,,,,,,,,,,,,,,,,,,,,,,,,,,,,,,,,,,,,,,,,,,,,,,,,6,2021-06-03T19:36:02.960,2021-06-10T19:19:44.717,BB01-04,jYJVXl2DtSz,BB01-04,,,,,"/IV4g6A4iLgL/dQCLVmqbQAt/sXQZB8HXgj0/O5jUejgJ1ls/vdiXNqwo1DJ/jYJVXl2DtSz",,,,,1921-06-03T00:00:00.000,
,,,,,,,,,,,,,,,,,,,,,,,,,,,,,,,,,,,,,,,,,,,,,,,,,,,,,,,,,,,,,,,,,,,,,,,,,,,,,,,,,,,,,,,,,,,,,,,,,,,,,,,,,,,,,,,,,,,,,,,,,,,,,,,,,,,,,,,,,,,,,,,6,2021-06-03T19:36:18.981,2021-06-10T19:19:44.717,BB01-09,vgUKaBH4hyr,BB01-09,,,,,"/IV4g6A4iLgL/dQCLVmqbQAt/sXQZB8HXgj0/O5jUejgJ1ls/vdiXNqwo1DJ/vgUKaBH4hyr",,,,,1921-06-03T00:00:00.000,
,,,,,,,,,,,,,,,,,,,,,,,,,,,,,,,,,,,,,,,,,,,,,,,,,,,,,,,,,,,,,,,,,,,,,,,,,,,,,,,,,,,,,,,,,,,,,,,,,,,,,,,,,,,,,,,,,,,,,,,,,,,,,,,,,,,,,,,,,,,,,,,6,2021-06-03T19:36:46.815,2021-06-10T19:19:44.717,BB01-11,sPkXOuVYNVV,BB01-11,,,,,"/IV4g6A4iLgL/dQCLVmqbQAt/sXQZB8HXgj0/O5jUejgJ1ls/vdiXNqwo1DJ/sPkXOuVYNVV",,,,,1921-06-03T00:00:00.000,
,,,,,,,,,,,,,,,,,,,,,,,,,,,,,,,,,,,,,,,,,,,,,,,,,,,,,,,,,,,,,,,,,,,,,,,,,,,,,,,,,,,,,,,,,,,,,,,,,,,,,,,,,,,,,,,,,,,,,,,,,,,,,,,,,,,,,,,,,,,,,,,6,2021-06-03T19:37:04.081,2021-06-10T19:19:44.717,BB01-12,M67zboI99ac,BB01-12,,,,,"/IV4g6A4iLgL/dQCLVmqbQAt/sXQZB8HXgj0/O5jUejgJ1ls/vdiXNqwo1DJ/M67zboI99ac",,,,,1921-06-03T00:00:00.000,
,,,,,,,,,,,,,,,,,,,,,,,,,,,,,,,,,,,,,,,,,,,,,,,,,,,,,,,,,,,,,,,,,,,,,,,,,,,,,,,,,,,,,,,,,,,,,,,,,,,,,,,,,,,,,,,,,,,,,,,,,,,,,,,,,,,,,,,,,,,,,,,6,2021-06-03T19:37:21.018,2021-06-10T19:19:44.717,BB01-14,m30uiUinBt2,BB01-14,,,,,"/IV4g6A4iLgL/dQCLVmqbQAt/sXQZB8HXgj0/O5jUejgJ1ls/vdiXNqwo1DJ/m30uiUinBt2",,,,,1921-06-03T00:00:00.000,
,,,,,,,,,,,,,,,,,,,,,,,,,,,,,,,,,,,,,,,,,,,,,,,,,,,,,,,,,,,,,,,,,,,,,,,,,,,,,,,,,,,,,,,,,,,,,,,,,,,,,,,,,,,,,,,,,,,,,,,,,,,,,,,,,,,,,,,,,,,,,,,6,2021-06-03T19:38:20.709,2021-06-10T19:19:44.717,BB01-20,GmcXoozq9F9,BB01-20,,,,,"/IV4g6A4iLgL/dQCLVmqbQAt/sXQZB8HXgj0/O5jUejgJ1ls/t7pzzow9prl/GmcXoozq9F9",,,,,1921-06-03T00:00:00.000,
,,,,,,,,,,,,,,,,,,,,,,,,,,,,,,,,,,,,,,,,,,,,,,,,,,,,,,,,,,,,,,,,,,,,,,,,,,,,,,,,,,,,,,,,,,,,,,,,,,,,,,,,,,,,,,,,,,,,,,,,,,,,,,,,,,,,,,,,,,,,,,,6,2021-06-03T19:38:39.641,2021-06-10T19:19:44.717,BB01-21,tW8ngLplrfV,BB01-21,,,,,"/IV4g6A4iLgL/dQCLVmqbQAt/sXQZB8HXgj0/O5jUejgJ1ls/t7pzzow9prl/tW8ngLplrfV",,,,,1921-06-03T00:00:00.000,
,,,,,,,,,,,,,,,,,,,,,,,,,,,,,,,,,,,,,,,,,,,,,,,,,,,,,,,,,,,,,,,,,,,,,,,,,,,,,,,,,,,,,,,,,,,,,,,,,,,,,,,,,,,,,,,,,,,,,,,,,,,,,,,,,,,,,,,,,,,,,,,3,2021-07-19T18:03:52.876,2021-07-19T18:03:52.930,"District 2",x0rbmgX48G0,"District 2",,,,,"/IV4g6A4iLgL/UlPjp5nWLLC/x0rbmgX48G0",,,,,1921-07-19T00:00:00.000,
,,,,,,,,,,,,,,,,,,,,,,,,,,,,,,,,,,,,,,,,,,,,,,,,,,,,,,,,,,,,,,,,,,,,,,,,,,,,,,,,,,,,,,,,,,,,,,,,,,,,,,,,,,,,,,,,,,,,,,,,,,,,,,,,,,,,,,,,,,,,,,,2,2021-07-19T18:03:16.712,2021-07-19T18:03:16.745,"Grand Bassa",UlPjp5nWLLC,"Grand Bassa",,,,,/IV4g6A4iLgL/UlPjp5nWLLC,,,,,1921-07-19T00:00:00.000,
,,,,,,,,,,,,,,,,,,,,,,,,,,,,,,,,,,,,,,,,,,,,,,,,,,,,,,,,,,,,,,,,,,,,,,,,,,,,,,,,,,,,,,,,,,,,,,,,,,,,,,,,,,,,,,,,,,,,,,,,,,,,,,,,,,,,,,,,,,,,,,,4,2021-06-03T19:34:10.309,2021-06-03T19:34:10.352,"ITI Clinic",O5jUejgJ1ls,"ITI Clinic",,,,,"/IV4g6A4iLgL/dQCLVmqbQAt/sXQZB8HXgj0/O5jUejgJ1ls",,,,,1921-06-03T00:00:00.000,
,,,,,,,,,,,,,,,,,,,,,,,,,,,,,,,,,,,,,,,,,,,,,,,,,,,,,,,,,,,,,,,,,,,,,,,,,,,,,,,,,,,,,,,,,,,,,,,,,,,,,,,,,,,,,,,,,,,,,,,,,,,,,,,,,,,,,,,,,,,,,,,1,2021-06-03T19:31:15.738,2021-06-06T13:37:24.295,Liberia,IV4g6A4iLgL,Liberia,,,,,/IV4g6A4iLgL,,,,,1921-06-03T00:00:00.000,
,,,,,,,,,,,,,,,,,,,,,,,,,,,,,,,,,,,,,,,,,,,,,,,,,,,,,,,,,,,,,,,,,,,,,,,,,,,,,,,,,,,,,,,,,,,,,,,,,,,,,,,,,,,,,,,,,,,,,,,,,,,,,,,,,,,,,,,,,,,,,,,2,2021-06-03T19:32:36.415,2021-06-03T19:32:36.535,Rivercess,dQCLVmqbQAt,Rivercess,,,,,/IV4g6A4iLgL/dQCLVmqbQAt,,,"POINT (-9.58186 5.45985)",,1921-06-03T00:00:00.000,
,,,,,,,,,,,,,,,,,,,,,,,,,,,,,,,,,,,,,,,,,,,,,,,,,,,,,,,,,,,,,,,,,,,,,,,,,,,,,,,,,,,,,,,,,,,,,,,,,,,,,,,,,,,,,,,,,,,,,,,,,,,,,,,,,,,,,,,,,,,,,,,4,2021-07-19T18:04:36.771,2021-07-19T18:04:36.789,"St John Clinic",uNC0GfwW2pM,"St John Clinic",,,,,"/IV4g6A4iLgL/UlPjp5nWLLC/x0rbmgX48G0/uNC0GfwW2pM",,,,,1921-07-19T00:00:00.000,
,,,,,,,,,,,,,,,,,,,,,,,,,,,,,,,,,,,,,,,,,,,,,,,,,,,,,,,,,,,,,,,,,,,,,,,,,,,,,,,,,,,,,,,,,,,,,,,,,,,,,,,,,,,,,,,,,,,,,,,,,,,,,,,,,,,,,,,,,,,,,,,3,2021-06-03T19:33:07.485,2021-06-03T19:33:07.536,Yarnee,sXQZB8HXgj0,Yarnee,,,,,"/IV4g6A4iLgL/dQCLVmqbQAt/sXQZB8HXgj0",,,,,1921-06-03T00:00:00.000,
